RfidTag_Id,,FullName,Gender,Grade,City,Street,BirthDate,StudentImage
"DD37Cf93aecA6Dc,,Sheryl,Male,1,East Leonard,Chile,2/10/2025,""https://image.pollinations.ai/prompt/child,boy,8-years-old?width=200&height=200&nologo=true"""
"1Ef7b82A4CAAD10,,Preston,Female,2,East Jimmychester,Djibouti,2/10/2025,""https://image.pollinations.ai/prompt/child,boy,8-years-old?width=200&height=200&nologo=true"""
"6F94879bDAfE5a6,,Roy,Male,3,Isabelborough,Antigua and Barbuda,2/10/2025,""https://image.pollinations.ai/prompt/child,boy,10-years-old?width=200&height=200&nologo=true"""
"5Cef8BFA16c5e3c,,Linda,Male,4,Bensonview,Dominican Republic,2/10/2025,""https://image.pollinations.ai/prompt/child,boy,11-years-old?width=200&height=200&nologo=true"""
"053d585Ab6b3159,,Joanna,Male,5,West Priscilla,Slovakia (Slovak Republic),2/10/2025,""https://image.pollinations.ai/prompt/child,boy,12-years-old?width=200&height=200&nologo=true"""
"2d08FB17EE273F4,,Aimee,Male,4,Chavezborough,Bosnia and Herzegovina,2/10/2025,""https://image.pollinations.ai/prompt/child,boy,12-years-old?width=200&height=200&nologo=true"""
"EA4d384DfDbBf77,,Darren,Male,8,Lake Ana,Pitcairn Islands,2/10/2025,""https://image.pollinations.ai/prompt/child,boy,12-years-old?width=200&height=200&nologo=true"""
"0e04AFde9f225dE,,Brett,Male,1,Kimport,Bulgaria,2/10/2025,""https://image.pollinations.ai/prompt/child,boy,12-years-old?width=200&height=200&nologo=true"""
"8C2811a503C7c5a,,Michelle,Male,4,Elaineberg,Timor-Leste,2/10/2025,""https://image.pollinations.ai/prompt/child,boy,12-years-old?width=200&height=200&nologo=true"""
"216E205d6eBb815,,Carl,Male,6,Shannonville,Guernsey,2/10/2025,""https://image.pollinations.ai/prompt/child,boy,12-years-old?width=200&height=200&nologo=true"""
"CEDec94deE6d69B,,Jenna,Male,5,East Andrea,Vietnam,2/10/2025,""https://image.pollinations.ai/prompt/child,boy,12-years-old?width=200&height=200&nologo=true"""
"e35426EbDEceaFF,,Tracey,Male,7,South Joannamouth,Togo,2/10/2025,""https://image.pollinations.ai/prompt/child,boy,12-years-old?width=200&height=200&nologo=true"""
"A08A8aF8BE9FaD4,,Kristine,Male,7,Jodyberg,Sri Lanka,2/10/2025,""https://image.pollinations.ai/prompt/child,boy,12-years-old?width=200&height=200&nologo=true"""
"6fEaA1b7cab7B6C,,Faith,Male,2,Burchbury,Singapore,2/10/2025,""https://image.pollinations.ai/prompt/child,boy,12-years-old?width=200&height=200&nologo=true"""
"8cad0b4CBceaeec,,Miranda,Male,3,Desireeshire,Oman,2/10/2025,""https://image.pollinations.ai/prompt/child,boy,12-years-old?width=200&height=200&nologo=true"""
"a5DC21AE3a21eaA,,Caroline,Male,3,West Adriennestad,Western Sahara,2/10/2025,""https://image.pollinations.ai/prompt/child,boy,12-years-old?width=200&height=200&nologo=true"""
"F8Aa9d6DfcBeeF8,,Greg,Male,1,Lake Leslie,Mozambique,2/10/2025,""https://image.pollinations.ai/prompt/child,boy,12-years-old?width=200&height=200&nologo=true"""
"F160f5Db3EfE973,,Clifford,Male,4,Harmonview,South Georgia and the South Sandwich Islands,2/10/2025,""https://image.pollinations.ai/prompt/child,boy,12-years-old?width=200&height=200&nologo=true"""
"0F60FF3DdCd7aB0,,Joanna,Male,5,Jamesshire,French Polynesia,2/10/2025,""https://image.pollinations.ai/prompt/child,boy,12-years-old?width=200&height=200&nologo=true"""
"9F9AdB7B8A6f7F2,,Maxwell,Male,7,East Carly,Malta,2/10/2025,""https://image.pollinations.ai/prompt/child,boy,12-years-old?width=200&height=200&nologo=true"""
"FBd0Ded4F02a742,,Kiara,Male,4,South Alvin,Netherlands,2/10/2025,""https://image.pollinations.ai/prompt/child,boy,12-years-old?width=200&height=200&nologo=true"""
"2FB0FAA1d429421,,Colleen,Male,6,Brittanyview,Paraguay,2/10/2025,""https://image.pollinations.ai/prompt/child,boy,12-years-old?width=200&height=200&nologo=true"""
"010468dAA11382c,,Janet,Male,5,Veronicamouth,Lao People's Democratic Republic,2/10/2025,""https://image.pollinations.ai/prompt/child,boy,12-years-old?width=200&height=200&nologo=true"""
"eC1927Ca84E033e,,Shane,Male,8,Bryanville,Albania,2/10/2025,""https://image.pollinations.ai/prompt/child,boy,12-years-old?width=200&height=200&nologo=true"""
"09D7D7C8Fe09aea,,Marcus,Male,4,Kaitlyntown,Panama,2/10/2025,""https://image.pollinations.ai/prompt/child,boy,12-years-old?width=200&height=200&nologo=true"""
"aBdfcF2c50b0bfD,,Dakota,Male,1,Michealshire,Belarus,2/10/2025,""https://image.pollinations.ai/prompt/child,boy,12-years-old?width=200&height=200&nologo=true"""
"b92EBfdF8a3f0E6,,Frederick,Male,4,South Marissatown,Switzerland,2/10/2025,""https://image.pollinations.ai/prompt/child,boy,12-years-old?width=200&height=200&nologo=true"""
"3B5dAAFA41AFa22,,Stefanie,Male,2,Acevedoville,Saint Vincent and the Grenadines,2/10/2025,""https://image.pollinations.ai/prompt/child,boy,12-years-old?width=200&height=200&nologo=true"""
"EDA69ca7a6e96a2,,Kent,Male,4,North Harold,Tanzania,2/10/2025,""https://image.pollinations.ai/prompt/child,boy,12-years-old?width=200&height=200&nologo=true"""
"64DCcDFaB9DFd4e,,Jack,Male,2,West Samuel,Zimbabwe,2/10/2025,""https://image.pollinations.ai/prompt/child,boy,12-years-old?width=200&height=200&nologo=true"""
"679c6c83DD872d6,,Tom,Male,4,Cunninghamborough,Denmark,2/10/2025,""https://image.pollinations.ai/prompt/child,boy,12-years-old?width=200&height=200&nologo=true"""
"7Ce381e4Afa4ba9,,Gabriel,Male,4,Port Annatown,Liechtenstein,2/10/2025,""https://image.pollinations.ai/prompt/child,boy,12-years-old?width=200&height=200&nologo=true"""
"A09AEc6E3bF70eE,,Kaitlyn,Male,2,New Kaitlyn,United States of America,2/10/2025,""https://image.pollinations.ai/prompt/child,boy,12-years-old?width=200&height=200&nologo=true"""
"aA9BAFfBc3710fe,,Faith,Male,4,West Marthaburgh,Bahamas,2/10/2025,""https://image.pollinations.ai/prompt/child,boy,12-years-old?width=200&height=200&nologo=true"""
"E11dfb2DB8C9f72,,Tammie,Male,1,East Teresa,Belize,2/10/2025,""https://image.pollinations.ai/prompt/child,boy,12-years-old?width=200&height=200&nologo=true"""
"889eCf90f68c5Da,,Nicholas,Male,6,South Hunter,Uruguay,2/10/2025,""https://image.pollinations.ai/prompt/child,boy,12-years-old?width=200&height=200&nologo=true"""
"7a1Ee69F4fF4B4D,,Jordan,Male,4,South Walter,Solomon Islands,2/10/2025,""https://image.pollinations.ai/prompt/child,boy,12-years-old?width=200&height=200&nologo=true"""
"dca4f1D0A0fc5c9,,Bruce,Male,4,Poolefurt,Montenegro,2/10/2025,""https://image.pollinations.ai/prompt/child,boy,12-years-old?width=200&height=200&nologo=true"""
"17aD8e2dB3df03D,,Sherry,Male,3,West John,Poland,2/10/2025,""https://image.pollinations.ai/prompt/child,boy,12-years-old?width=200&height=200&nologo=true"""
"2f79Cd309624Abb,,Natalie,Male,2,West Darius,Dominican Republic,2/10/2025,""https://image.pollinations.ai/prompt/child,boy,12-years-old?width=200&height=200&nologo=true"""
"6e5ad5a5e2bB5Ca,,Bryan,Male,4,North Jimstad,Burkina Faso,2/10/2025,""https://image.pollinations.ai/prompt/child,boy,12-years-old?width=200&height=200&nologo=true"""
"7E441b6B228DBcA,,Wayne,Male,9,East Rebekahborough,Bolivia,2/10/2025,""https://image.pollinations.ai/prompt/child,boy,12-years-old?width=200&height=200&nologo=true"""
"D3fC11A9C235Dc6,,Luis,Male,7,North Drew,Bulgaria,2/10/2025,""https://image.pollinations.ai/prompt/child,boy,13-years-old?width=200&height=200&nologo=true"""
"30Dfa48fe5Ede78,,Rhonda,Male,8,Lake Lindaburgh,Monaco,2/10/2025,""https://image.pollinations.ai/prompt/child,boy,12-years-old?width=200&height=200&nologo=true"""
"fD780ED8dbEae7B,,Joanne,Male,1,Gwendolynview,Palau,2/10/2025,""https://image.pollinations.ai/prompt/child,boy,13-years-old?width=200&height=200&nologo=true"""
"300A40d3ce24bBA,,Geoffrey,Male,4,Zimmermanland,Uzbekistan,2/10/2025,""https://image.pollinations.ai/prompt/child,boy,13-years-old?width=200&height=200&nologo=true"""
"283DFCD0Dba40aF,,Gloria,Male,2,North Kerriton,Ghana,2/10/2025,""https://image.pollinations.ai/prompt/child,boy,13-years-old?width=200&height=200&nologo=true"""
"F4Fc91fEAEad286,,Brady,Male,2,North Eileenville,United Arab Emirates,2/10/2025,""https://image.pollinations.ai/prompt/child,boy,13-years-old?width=200&height=200&nologo=true"""
"80F33Fd2AcebF05,,Latoya,Male,3,Port Sergiofort,Belarus,2/10/2025,""https://image.pollinations.ai/prompt/child,boy,13-years-old?width=200&height=200&nologo=true"""
"Aa20BDe68eAb0e9,,Gerald,Male,1,New Alberttown,Canada,2/10/2025,""https://image.pollinations.ai/prompt/child,boy,13-years-old?width=200&height=200&nologo=true"""
"e898eEB1B9FE22b,,Samuel,Male,4,South Jasmine,Algeria,2/10/2025,""https://image.pollinations.ai/prompt/child,boy,13-years-old?width=200&height=200&nologo=true"""
"faCEF517ae7D8eB,,Patricia,Male,2,Cowanfort,Swaziland,2/10/2025,""https://image.pollinations.ai/prompt/child,boy,13-years-old?width=200&height=200&nologo=true"""
"c09952De6Cda8aA,,Stacie,Male,7,New Deborah,Madagascar,2/10/2025,""https://image.pollinations.ai/prompt/child,boy,13-years-old?width=200&height=200&nologo=true"""
"f3BEf3Be028166f,,Robin,Male,4,Wallstown,Ecuador,2/10/2025,""https://image.pollinations.ai/prompt/child,boy,13-years-old?width=200&height=200&nologo=true"""
"C6F2Fc6a7948a4e,,Ralph,Female,2,Lake Ellenchester,Palestinian Territory,2/10/2025,""https://image.pollinations.ai/prompt/child,boy,13-years-old?width=200&height=200&nologo=true"""
"c8FE57cBBdCDcb2,,Phyllis,Female,1,Lake Whitney,Saint Barthelemy,2/10/2025,""https://image.pollinations.ai/prompt/child,boy,13-years-old?width=200&height=200&nologo=true"""
"B5acdFC982124F2,,Danny,Female,4,East Jaredbury,United Arab Emirates,2/10/2025,""https://image.pollinations.ai/prompt/child,boy,13-years-old?width=200&height=200&nologo=true"""
"8c7DdF10798bCC3,,Kathy,Female,2,Selenabury,South Georgia and the South Sandwich Islands,2/10/2025,""https://image.pollinations.ai/prompt/child,boy,13-years-old?width=200&height=200&nologo=true"""
"C681dDd0cc422f7,,Kelli,Female,7,Huangfort,Sao Tome and Principe,2/10/2025,""https://image.pollinations.ai/prompt/child,boy,13-years-old?width=200&height=200&nologo=true"""
"a940cE42e035F28,,Lynn,Female,7,East Pennyshire,Portugal,2/10/2025,""https://image.pollinations.ai/prompt/child,boy,13-years-old?width=200&height=200&nologo=true"""
"9Cf5E6AFE0aeBfd,,Shelley,Female,8,Port Jasminborough,Togo,2/10/2025,""https://image.pollinations.ai/prompt/child,boy,13-years-old?width=200&height=200&nologo=true"""
"aEcbe5365BbC67D,,Eddie,Female,7,West Kristine,Ethiopia,2/10/2025,""https://image.pollinations.ai/prompt/child,boy,13-years-old?width=200&height=200&nologo=true"""
"FCBdfCEAe20A8Dc,,Chloe,Female,4,South Julia,Netherlands,2/10/2025,""https://image.pollinations.ai/prompt/child,boy,13-years-old?width=200&height=200&nologo=true"""
"636cBF0835E10ff,,Eileen,Female,4,Helenborough,Liberia,2/10/2025,""https://image.pollinations.ai/prompt/child,boy,13-years-old?width=200&height=200&nologo=true"""
"fF1b6c9E8Fbf1ff,,Fernando,Female,7,Lake Nancy,Lithuania,2/10/2025,""https://image.pollinations.ai/prompt/child,boy,13-years-old?width=200&height=200&nologo=true"""
"2A13F74EAa7DA6c,,Makayla,Female,4,Georgeport,New Caledonia,2/10/2025,""https://image.pollinations.ai/prompt/child,boy,13-years-old?width=200&height=200&nologo=true"""
"a014Ec1b9FccC1E,,Tom,Female,1,South Sophiaberg,Kiribati,2/10/2025,""https://image.pollinations.ai/prompt/child,boy,13-years-old?width=200&height=200&nologo=true"""
"421a109cABDf5fa,,Virginia,Female,4,Hartbury,French Southern Territories,2/10/2025,""https://image.pollinations.ai/prompt/child,boy,13-years-old?width=200&height=200&nologo=true"""
"CC68FD1D3Bbbf22,,Riley,Female,2,Erikaville,Canada,2/10/2025,""https://image.pollinations.ai/prompt/child,boy,13-years-old?width=200&height=200&nologo=true"""
"CBCd2Ac8E3eBDF9,,Alexandria,Female,5,Nicolasfort,Iran,2/10/2025,""https://image.pollinations.ai/prompt/child,boy,13-years-old?width=200&height=200&nologo=true"""
"Ef859092FbEcC07,,Richard,Female,9,New Jasmineshire,Morocco,2/10/2025,""https://image.pollinations.ai/prompt/child,boy,13-years-old?width=200&height=200&nologo=true"""
"F560f2d3cDFb618,,Candice,Female,3,East Summerstad,Zimbabwe,2/10/2025,""https://image.pollinations.ai/prompt/child,boy,13-years-old?width=200&height=200&nologo=true"""
"A3F76Be153Df4a3,,Anita,Female,6,Skinnerport,Russian Federation,2/10/2025,""https://image.pollinations.ai/prompt/child,boy,13-years-old?width=200&height=200&nologo=true"""
"D01Af0AF7cBbFeA,,Regina,Female,5,Raystad,Solomon Islands,2/10/2025,""https://image.pollinations.ai/prompt/child,boy,13-years-old?width=200&height=200&nologo=true"""
"d40e89dCade7b2F,,Debra,Female,4,Colinhaven,United States Virgin Islands,2/10/2025,""https://image.pollinations.ai/prompt/child,boy,13-years-old?width=200&height=200&nologo=true"""
"BF6a1f9bd1bf8DE,,Brittany,Female,2,West Reginald,Kyrgyz Republic,2/10/2025,""https://image.pollinations.ai/prompt/child,boy,13-years-old?width=200&height=200&nologo=true"""
"FfaeFFbbbf280db,,Cassidy,Female,1,Lake Sherryborough,Myanmar,2/10/2025,""https://image.pollinations.ai/prompt/child,boy,13-years-old?width=200&height=200&nologo=true"""
"CbAE1d1e9a8dCb1,,Laurie,Female,5,Port Katherineville,Dominica,2/10/2025,""https://image.pollinations.ai/prompt/child,boy,13-years-old?width=200&height=200&nologo=true"""
"A7F85c1DE4dB87f,,Alejandro,Female,4,Thomasland,Iceland,2/10/2025,""https://image.pollinations.ai/prompt/child,boy,13-years-old?width=200&height=200&nologo=true"""
"D6CEAfb3BDbaa1A,,Leslie,Female,1,Coreybury,Micronesia,2/10/2025,""https://image.pollinations.ai/prompt/child,boy,13-years-old?width=200&height=200&nologo=true"""
"Ebdb6F6F7c90b69,,Kathleen,Female,4,Lake Janiceton,Saint Vincent and the Grenadines,2/10/2025,""https://image.pollinations.ai/prompt/child,boy,13-years-old?width=200&height=200&nologo=true"""
"E8E7e8Cfe516ef0,,Hunter,Female,2,East Clinton,Isle of Man,2/10/2025,""https://image.pollinations.ai/prompt/child,boy,13-years-old?width=200&height=200&nologo=true"""
"78C06E9b6B3DF20,,Chad,Female,4,South Joshuashire,Oman,2/10/2025,""https://image.pollinations.ai/prompt/child,boy,13-years-old?width=200&height=200&nologo=true"""
"03A1E62ADdeb31c,,Corey,Female,2,New Glenda,Fiji,2/10/2025,""https://image.pollinations.ai/prompt/child,boy,13-years-old?width=200&height=200&nologo=true"""
"C6763c99d0bd16D,,Emma,Female,1,North Jillianview,New Zealand,2/10/2025,""https://image.pollinations.ai/prompt/child,boy,13-years-old?width=200&height=200&nologo=true"""
"ebe77E5Bf9476CE,,Duane,Female,3,Lyonsberg,Maldives,2/10/2025,""https://image.pollinations.ai/prompt/child,boy,13-years-old?width=200&height=200&nologo=true"""
"E4Bbcd8AD81fC5f,,Alison,Female,4,East Cristinabury,Benin,2/10/2025,""https://image.pollinations.ai/prompt/child,boy,13-years-old?width=200&height=200&nologo=true"""
"efeb73245CDf1fF,,Vernon,Female,7,Thomasfurt,Yemen,2/10/2025,""https://image.pollinations.ai/prompt/child,boy,13-years-old?width=200&height=200&nologo=true"""
"37Ec4B395641c1E,,Lori,Female,6,North Joeburgh,Namibia,2/10/2025,""https://image.pollinations.ai/prompt/child,boy,13-years-old?width=200&height=200&nologo=true"""
"5ef6d3eefdD43bE,,Nina,Female,7,Cassidychester,Bhutan,2/10/2025,""https://image.pollinations.ai/prompt/child,boy,13-years-old?width=200&height=200&nologo=true"""
"98b3aeDcC3B9FF3,,Shane,Female,9,South Dannymouth,Hungary,2/10/2025,""https://image.pollinations.ai/prompt/child,boy,13-years-old?width=200&height=200&nologo=true"""
"aAb6AFc7AfD0fF3,,Collin,Female,8,South Lonnie,Anguilla,2/10/2025,""https://image.pollinations.ai/prompt/child,boy,13-years-old?width=200&height=200&nologo=true"""
"54B5B5Fe9F1B6C5,,Sherry,Female,4,Frankchester,Solomon Islands,2/10/2025,""https://image.pollinations.ai/prompt/child,boy,13-years-old?width=200&height=200&nologo=true"""
"BE91A0bdcA49Bbc,,Darrell,Female,4,Daisyborough,Mali,2/10/2025,""https://image.pollinations.ai/prompt/child,boy,13-years-old?width=200&height=200&nologo=true"""
"cb8E23e48d22Eae,,Karl,Female,1,East Richard,Guyana,2/10/2025,""https://image.pollinations.ai/prompt/child,boy,13-years-old?width=200&height=200&nologo=true"""
"CeD220bdAaCfaDf,,Lynn,Female,2,New Bradview,Sri Lanka,2/10/2025,""https://image.pollinations.ai/prompt/child,boy,13-years-old?width=200&height=200&nologo=true"""
"28CDbC0dFe4b1Db,,Fred,Female,3,Ortegaland,Solomon Islands,2/10/2025,""https://image.pollinations.ai/prompt/child,boy,13-years-old?width=200&height=200&nologo=true"""
"c23d1D9EE8DEB0A,,Yvonne,Female,4,Lake Elijahview,Aruba,2/10/2025,""https://image.pollinations.ai/prompt/child,boy,13-years-old?width=200&height=200&nologo=true"""
"2354a0E336A91A1,,Clarence,Female,1,Judymouth,Honduras,2/10/2025,""https://image.pollinations.ai/prompt/child,boy,13-years-old?width=200&height=200&nologo=true"""
